Time, Temp, Voltage

16:58:26,49.966606,+4.95287674E+00
16:58:34,49.995117,+4.95327743E+00
16:58:41,49.998898,+4.95328217E+00
